,error,wind_speed_10m (m/s),pressure_msl (hPa),relative_humidity_2m (%),cloud_cover (%),wind_direction_10m (°),temperature_2m (°C),hour
0,0.8833,4.09,1003.6,70,0,102,27.0,7
1,0.7082999999999999,3.52,1003.9,65,0,113,28.8,8
2,0.52,3.65,1003.8,58,0,123,30.9,9
3,0.3567,3.36,1003.9,53,0,132,32.8,10
4,0.25,3.12,1004.1,50,0,125,33.5,11
5,0.185,3.17,1003.8,47,4,128,34.5,12
6,0.20329999999999998,3.13,1003.2,44,15,124,35.5,13
7,0.24170000000000003,3.13,1002.4,43,42,119,36.0,14
8,0.6967,3.61,1001.9,43,41,107,35.6,15
9,0.8417,1.14,1001.7,48,84,293,34.6,16
10,0.715,1.48,1001.6,53,27,208,32.8,17
11,0.8983,3.12,1002.1,63,19,78,31.2,18
12,0.95,2.29,1006.3,77,4,126,24.7,7
13,0.9333,2.55,1006.3,70,100,152,26.0,8
14,0.915,2.51,1006.6,68,100,186,26.1,9
15,0.85,2.33,1006.6,63,2,203,27.7,10
16,0.6383,2.53,1007.0,62,10,210,28.2,11
17,0.4917,2.48,1006.3,55,2,223,30.2,12
18,0.37170000000000003,2.3,1005.4,50,2,257,31.8,13
19,0.215,1.97,1004.6,48,7,279,32.8,14
20,0.35,1.9,1003.6,46,14,297,33.5,15
21,0.495,2.12,1002.6,46,10,326,33.5,16
22,0.7082999999999999,0.9,1002.8,37,77,3,34.4,17
23,0.9017000000000001,0.6,1002.5,43,5,95,33.3,18
24,0.8917,0.7,1005.0,64,0,201,28.5,7
25,0.71,1.01,1005.2,56,0,207,30.4,8
26,0.56,1.63,1005.4,51,0,227,32.2,9
27,0.37329999999999997,2.43,1005.1,49,10,256,33.4,10
28,0.25170000000000003,2.2,1005.0,46,18,253,34.2,11
29,0.205,2.36,1004.2,43,21,253,35.1,12
30,0.2183,2.38,1003.0,39,13,260,36.0,13
31,0.6817,2.91,1001.8,35,16,274,36.6,14
32,0.2483,4.07,1001.0,34,70,284,35.8,15
33,0.9067000000000001,1.45,1001.1,45,57,360,33.6,16
34,0.9917,4.08,1002.2,47,86,251,31.7,17
35,0.9967,2.34,1002.0,51,100,236,30.6,18
36,0.88,1.41,1004.7,65,85,253,28.1,7
37,0.635,2.16,1005.3,58,68,283,30.0,8
38,0.4567,3.02,1005.4,53,17,282,31.5,9
39,0.31,2.85,1005.4,50,0,269,32.9,10
40,0.20170000000000002,2.44,1004.6,46,0,255,33.4,11
41,0.1483,2.05,1004.0,42,6,257,34.4,12
42,0.15,1.61,1003.3,39,25,275,35.1,13
43,0.205,1.76,1002.8,37,42,290,35.5,14
44,0.2683,1.88,1002.3,35,22,312,35.4,15
45,0.5333,1.55,1001.8,36,16,339,35.1,16
46,0.67,3.36,1002.9,53,51,25,30.4,17
47,0.9083,2.59,1002.8,51,3,40,30.6,18
48,0.875,1.54,1005.2,57,5,283,28.9,7
49,0.6967,1.25,1005.7,50,4,254,31.2,8
50,0.5067,2.64,1006.8,48,2,299,32.5,9
51,0.315,2.17,1006.6,46,57,308,33.6,10
52,0.8983,1.95,1006.3,44,24,334,33.4,11
53,0.1583,1.54,1005.8,43,13,347,34.1,12
54,0.15,0.74,1004.9,41,13,340,34.7,13
55,0.2167,0.96,1003.9,38,15,261,35.4,14
56,0.31670000000000004,1.75,1003.1,36,29,239,36.0,15
57,0.4567,2.39,1002.4,37,22,244,35.8,16
58,0.835,3.12,1002.8,39,2,254,34.0,17
59,0.9517,1.43,1003.2,47,5,282,33.0,18
60,0.94,0.5,1006.8,71,61,90,26.8,7
61,0.8017,0.83,1007.2,60,20,245,28.6,8
62,0.6083,1.65,1007.0,55,7,256,30.3,9
63,0.325,2.23,1006.8,51,12,261,31.9,10
64,0.23,2.07,1006.3,48,12,262,32.7,11
65,0.2,1.78,1006.1,44,27,281,33.6,12
66,0.1583,1.27,1005.3,43,9,296,34.2,13
67,0.21,1.48,1004.1,43,9,282,34.9,14
68,0.30329999999999996,2.12,1003.4,42,14,289,34.9,15
69,0.4633,1.99,1002.6,41,13,282,34.6,16
70,0.6733,2.5,1001.7,36,23,271,35.1,17
71,0.9183,1.52,1002.1,44,14,297,33.7,18
72,0.875,1.36,1005.4,66,2,242,29.8,7
73,0.695,2.13,1005.7,59,3,231,31.3,8
74,0.5083,2.39,1005.8,53,17,254,32.7,9
75,0.335,2.4,1005.7,49,19,274,33.8,10
76,0.1433,2.75,1005.9,42,16,280,34.7,11
77,0.605,2.98,1005.2,39,5,295,35.3,12
78,0.13,3.14,1004.4,38,29,301,35.4,13
79,0.2217,3.35,1003.8,39,36,287,34.6,14
80,0.3267,2.1,1002.8,41,6,270,34.8,15
81,0.44670000000000004,2.61,1002.3,36,8,290,35.5,16
82,0.6333,2.57,1001.1,35,19,297,35.3,17
83,0.9117000000000001,3.89,1001.9,41,20,283,33.5,18
84,0.8583,1.36,1005.1,64,13,107,28.1,7
85,0.9133,1.22,1005.1,60,38,145,29.3,8
86,0.505,1.4,1005.6,59,0,180,30.1,9
87,0.3517,2.13,1005.9,54,0,219,31.8,10
88,0.22329999999999997,2.47,1005.9,46,12,256,33.1,11
89,0.15,2.5,1005.3,42,25,271,34.0,12
90,0.185,2.61,1004.8,40,23,275,34.2,13
91,1.0,2.07,1004.0,38,20,285,34.5,14
92,0.71,2.29,1003.5,37,18,286,34.7,15
93,0.5333,2.28,1003.0,38,13,296,34.5,16
94,0.8617,2.92,1003.1,33,32,257,34.2,17
95,0.8783,2.49,1002.9,38,9,248,32.9,18
96,0.875,2.06,1006.1,67,8,276,29.1,7
97,0.8117,2.66,1006.5,60,1,275,30.6,8
98,0.535,3.99,1006.5,54,2,290,32.1,9
99,0.38,4.16,1006.5,49,14,290,33.3,10
100,0.36829999999999996,3.71,1006.1,41,75,274,34.0,11
101,0.17329999999999998,3.74,1005.9,46,26,278,33.4,12
102,0.15,3.46,1005.3,40,34,290,34.2,13
103,0.6017,3.52,1004.6,39,20,263,34.4,14
104,0.2183,5.02,1004.6,47,34,301,33.0,15
105,0.84,2.95,1004.2,49,7,273,32.5,16
106,0.85,3.02,1002.5,38,28,258,35.0,17
107,0.9133,2.2,1003.1,46,11,291,33.1,18
108,0.9817,2.69,1005.5,66,25,280,28.3,7
109,0.9017000000000001,3.71,1005.7,61,16,280,29.7,8
110,0.8933,4.13,1005.3,57,5,281,31.2,9
111,0.76,4.38,1005.0,51,17,287,32.8,10
112,0.69,4.9,1005.1,43,20,304,32.5,11
113,0.5233,4.0,1004.3,42,23,312,33.0,12
114,0.4267,3.36,1003.5,39,20,316,33.9,13
115,0.18170000000000003,2.52,1002.7,38,22,311,34.4,14
116,0.285,2.29,1002.2,40,30,290,34.2,15
117,0.44670000000000004,2.02,1002.1,43,53,279,33.9,16
118,0.6483,2.19,1000.9,40,19,325,34.3,17
119,0.905,3.3,1001.4,51,73,229,32.0,18
120,0.9317,2.39,1005.3,82,100,241,24.8,7
121,0.6817,1.68,1005.6,82,98,233,25.3,8
122,0.495,1.61,1005.8,77,38,254,26.8,9
123,0.3517,2.62,1005.3,58,10,257,31.0,10
124,0.22829999999999998,2.54,1004.9,50,13,260,32.5,11
125,0.155,3.56,1004.0,39,22,287,34.6,12
126,0.155,4.1,1003.5,35,31,294,34.7,13
127,0.295,3.27,1002.6,36,20,293,34.8,14
128,0.31,3.68,1001.9,36,22,292,34.9,15
129,0.43829999999999997,3.27,1001.7,36,30,293,34.8,16
130,0.7883,2.05,1001.2,35,22,269,34.4,17
131,0.9,0.89,1001.3,45,19,308,33.3,18
132,0.8767,2.15,1003.2,60,0,270,28.9,7
133,0.6867,2.7,1003.3,50,0,271,31.0,8
134,0.495,3.56,1003.2,47,0,274,32.7,9
135,0.3233,4.11,1002.7,43,3,280,34.0,10
136,0.215,3.48,1002.1,33,17,282,35.6,11
137,0.1533,3.47,1001.6,30,16,282,36.2,12
138,0.125,3.32,1001.0,28,27,277,36.5,13
139,0.17329999999999998,3.34,1000.2,27,14,279,36.5,14
140,0.2783,4.04,999.9,31,13,319,35.5,15
141,0.4033,3.25,999.7,36,12,346,34.4,16
142,0.81,1.66,999.4,46,5,224,32.9,17
143,0.8633,1.41,999.5,49,33,243,32.1,18
144,0.9582999999999999,1.83,1002.5,62,12,73,28.4,7
145,0.9617,1.07,1002.8,52,34,79,30.8,8
146,0.805,4.8,1004.5,73,100,284,27.0,9
147,0.295,1.11,1004.2,88,96,252,25.7,10
148,0.33,1.04,1002.9,44,16,253,32.5,11
149,0.1133,1.96,1002.2,42,98,255,33.4,12
150,0.1617,1.82,1001.4,42,93,262,33.1,13
151,0.22,1.5,1000.8,40,9,272,34.0,14
152,0.2967,1.4,1000.2,38,3,268,34.6,15
153,0.6717,1.55,999.8,37,37,291,34.6,16
154,0.5417000000000001,1.65,998.9,29,17,284,35.4,17
155,0.8833,1.43,999.1,32,13,295,34.6,18
156,0.9033,2.29,1003.8,63,7,216,28.6,7
157,0.6467,2.78,1004.0,57,12,247,30.3,8
158,0.5,3.3,1004.0,50,6,271,32.4,9
159,0.31829999999999997,3.61,1004.0,45,9,287,34.0,10
160,0.3983,4.05,1004.0,45,99,273,32.2,11
161,0.1567,2.41,1003.9,49,30,318,32.4,12
162,0.2483,2.6,1003.2,46,98,272,33.4,13
163,0.715,1.39,1002.4,47,17,255,33.6,14
164,0.865,1.45,1001.6,44,55,270,34.6,15
165,0.985,1.74,1000.8,43,64,288,34.3,16
166,0.87,1.82,1000.9,45,100,286,33.0,17
167,0.8733,1.5,1001.0,49,100,296,32.6,18
168,0.875,1.59,1004.8,65,0,294,29.3,7
169,0.685,1.84,1005.3,57,0,292,31.4,8
170,0.4867,2.4,1005.4,48,1,293,33.2,9
171,0.325,2.15,1005.3,44,2,301,34.5,10
172,0.215,2.03,1004.8,40,7,308,35.8,11
173,0.1583,1.43,1004.3,40,16,299,36.3,12
174,0.1367,1.35,1003.6,39,11,292,36.5,13
175,0.195,1.03,1002.5,37,18,299,36.8,14
176,0.32,1.23,1002.0,37,51,302,36.3,15
177,0.43329999999999996,1.51,1001.5,38,40,264,35.7,16
178,0.5117,2.44,1001.0,41,30,285,35.2,17
179,0.9467,2.41,1001.9,50,13,310,33.3,18
180,0.8767,2.39,1004.3,61,0,307,30.3,7
181,0.685,2.67,1004.6,55,0,308,32.0,8
182,0.49829999999999997,2.91,1004.7,47,1,309,33.9,9
183,0.3383,2.95,1004.4,41,0,309,35.5,10
184,0.22,3.03,1003.9,35,9,322,37.1,11
185,0.16829999999999998,2.79,1003.3,34,6,324,37.3,12
186,0.16670000000000001,2.52,1002.5,32,5,321,37.7,13
187,0.595,2.51,1001.6,32,9,317,37.8,14
188,0.7267,2.59,1000.7,33,19,311,37.6,15
189,0.445,2.62,999.7,34,5,320,37.0,16
190,0.6467,2.16,998.8,31,4,312,37.6,17
191,0.9183,1.87,999.4,34,8,286,36.9,18
192,0.8667,2.25,1002.2,60,5,233,30.5,7
193,0.6717,2.72,1002.5,53,2,253,32.4,8
194,0.595,3.55,1002.6,47,3,271,34.1,9
195,0.3333,3.8,1002.5,43,3,283,35.6,10
196,0.20670000000000002,3.6,1001.9,39,22,294,37.1,11
197,0.1617,3.27,1001.2,35,25,299,37.8,12
198,0.175,2.94,1000.3,34,13,302,38.4,13
199,0.22,2.94,999.3,32,17,302,38.8,14
200,0.72,3.16,998.4,32,10,305,38.8,15
201,0.4533,3.42,997.7,33,17,299,38.2,16
202,0.66,2.94,997.6,34,23,288,37.5,17
203,0.9133,4.01,998.3,41,34,320,35.6,18
204,0.9467,2.06,1001.0,70,36,244,29.7,7
205,0.875,2.74,1001.4,56,21,252,31.7,8
206,0.515,3.3,1001.6,48,12,267,33.3,9
207,0.37170000000000003,3.6,1001.8,44,5,269,34.6,10
208,0.5267000000000001,3.61,1001.2,41,7,275,35.8,11
209,0.1833,3.45,1000.6,41,5,272,36.4,12
210,0.1833,3.35,999.9,39,4,269,37.3,13
211,0.22829999999999998,3.39,999.2,37,11,262,37.7,14
212,0.31170000000000003,3.34,998.3,38,58,261,37.3,15
213,0.4667,2.95,997.6,38,36,268,36.9,16
214,0.665,2.62,996.9,33,10,301,37.7,17
215,0.91,2.13,997.3,35,19,311,36.9,18
216,0.8783,4.37,1000.3,53,12,290,31.7,7
217,0.69,4.65,1000.9,51,1,287,32.8,8
218,0.5,4.52,1001.3,47,0,283,34.0,9
219,0.3383,4.35,1001.3,44,35,279,35.2,10
220,0.225,3.71,1001.1,40,45,275,36.5,11
221,0.175,3.06,1000.9,39,40,266,37.0,12
222,0.1867,3.0,1000.0,38,32,259,37.3,13
223,0.23170000000000002,3.1,999.2,37,21,252,37.5,14
224,0.3267,3.04,998.6,37,27,261,37.6,15
225,0.4783,3.01,997.7,37,12,266,37.2,16
226,0.6933,3.07,997.4,34,19,282,37.5,17
227,0.895,2.77,998.0,35,27,277,36.7,18
228,0.8817,2.26,1001.2,57,12,245,31.0,7
229,0.7117,3.04,1001.3,52,25,253,32.2,8
230,0.4517,3.3,1001.4,49,47,269,33.4,9
231,0.35,2.58,1001.7,46,27,285,34.4,10
232,0.30829999999999996,1.69,1001.3,43,38,304,35.2,11
233,0.3917,1.03,1001.2,42,59,293,35.5,12
234,0.335,0.85,1000.2,41,54,267,36.2,13
235,0.2183,0.55,999.1,40,82,270,36.4,14
236,0.535,2.95,998.9,49,84,180,33.8,15
237,0.8133,2.02,998.6,56,70,160,33.0,16
238,0.73,2.3,998.4,52,63,132,33.6,17
239,0.8717,2.59,998.7,60,77,100,31.9,18
240,1.0,1.29,1002.0,83,99,193,26.7,7
241,0.9417,0.86,1002.4,81,100,260,27.1,8
242,0.9283,0.15,1002.9,76,100,180,28.3,9
243,0.65,0.75,1003.2,71,93,176,29.3,10
244,0.5717,0.96,1003.0,63,84,39,31.0,11
245,0.35,1.41,1002.4,58,99,352,32.4,12
246,0.61,1.43,1001.7,61,77,335,31.5,13
247,0.1867,0.72,1000.4,58,38,295,32.9,14
248,0.36829999999999996,0.86,999.5,56,13,277,33.5,15
249,0.4517,0.95,998.9,54,6,267,33.7,16
250,0.6867,1.5,998.7,59,34,233,33.0,17
251,0.89,1.37,998.9,63,38,213,32.2,18
252,0.8883,1.85,1002.6,86,98,270,26.2,7
253,0.8867,2.79,1002.8,79,97,285,27.9,8
254,0.82,3.49,1002.9,72,67,295,29.4,9
255,0.5767,3.28,1002.7,66,52,301,30.4,10
256,0.495,1.6,1002.4,65,99,290,31.4,11
257,0.4683,0.94,1001.8,62,100,302,31.9,12
258,0.1317,0.94,1001.1,58,59,295,32.6,13
259,0.54,1.48,1000.0,57,83,298,32.9,14
260,0.335,1.54,999.5,57,98,295,33.1,15
261,0.4033,1.63,998.7,59,98,297,32.8,16
262,0.61,0.96,997.7,57,91,351,33.0,17
263,0.7283,1.03,998.3,66,97,14,31.7,18
264,0.9383,0.3,1001.3,82,100,279,28.1,7
265,0.9083,2.76,1001.8,86,100,292,26.8,8
266,0.6583,2.73,1001.3,82,100,298,27.7,9
267,0.46,1.1,1000.6,72,98,300,29.9,10
268,0.5683,0.9,1000.4,69,89,34,30.7,11
269,0.495,0.86,1000.0,65,98,36,31.9,12
270,0.63,0.71,999.2,64,99,39,32.3,13
271,0.3667,0.92,998.1,62,99,13,32.8,14
272,0.45,1.41,997.2,61,98,8,32.7,15
273,0.7417,1.41,996.4,60,93,354,32.7,16
274,0.7983,0.96,996.8,60,98,317,32.2,17
275,0.875,0.53,996.7,61,98,311,32.1,18
276,0.8883,1.3,999.4,79,77,28,29.9,7
277,0.7017,1.64,999.6,68,63,38,31.3,8
278,0.5233,0.85,999.5,62,8,45,32.6,9
279,0.3617,0.87,999.2,57,49,114,33.4,10
280,0.74,1.54,998.9,55,68,115,33.7,11
281,0.2,1.66,998.9,63,38,97,32.3,12
282,0.08,1.2,997.7,54,49,73,34.2,13
283,0.5767,1.39,997.3,53,59,111,34.3,14
284,0.5633,1.07,996.8,51,53,127,34.7,15
285,0.9067000000000001,1.15,996.2,50,37,146,34.6,16
286,0.915,1.52,995.3,53,62,153,34.9,17
287,0.9567,2.53,995.8,68,90,171,32.6,18
288,0.8783,1.05,999.4,83,89,355,28.2,7
289,0.79,1.18,999.8,78,98,348,29.7,8
290,0.7117,0.92,1000.2,74,97,29,30.7,9
291,0.485,1.2,1000.2,68,87,90,31.6,10
292,0.6033,1.28,1000.0,68,35,111,31.4,11
293,0.085,1.38,998.9,62,18,103,33.2,12
294,0.17170000000000002,1.39,998.4,59,12,111,34.1,13
295,0.5717,1.32,997.6,57,10,115,34.4,14
296,0.265,1.33,996.9,56,12,103,34.4,15
297,0.425,1.5,996.2,57,15,105,34.2,16
298,0.8382999999999999,0.7,996.4,54,73,176,33.9,17
299,0.9783,0.87,996.7,63,45,149,32.8,18
300,0.9682999999999999,2.12,1000.2,86,98,109,28.2,7
301,0.9033,1.46,1000.0,81,100,68,29.0,8
302,0.7983,2.35,1000.6,89,100,24,27.9,9
303,0.6367,2.34,1000.5,86,93,340,28.7,10
304,0.6817,2.88,1000.2,76,100,321,29.4,11
305,0.011699999999999999,2.33,999.5,72,91,345,30.6,12
306,0.605,1.85,997.9,62,37,341,32.5,13
307,0.5683,2.03,997.1,57,41,350,33.2,14
308,0.6567000000000001,1.87,996.6,56,50,352,33.4,15
309,0.7867000000000001,1.86,996.1,57,98,5,32.9,16
310,0.8067,1.08,996.5,70,99,347,30.8,17
311,0.7983,2.12,997.2,80,100,56,28.9,18
312,0.975,2.4,998.0,83,99,329,27.3,7
313,0.98,2.73,998.3,78,80,332,28.5,8
314,0.595,3.69,998.3,73,93,344,29.2,9
315,0.2883,3.96,998.5,71,100,344,29.5,10
316,0.2133,3.42,998.1,61,98,7,31.2,11
317,0.5,3.05,997.5,58,98,1,32.1,12
318,0.3567,3.41,996.9,56,98,5,32.7,13
319,0.5767,3.63,996.3,57,91,12,32.4,14
320,0.6617000000000001,3.86,996.1,57,34,4,32.0,15
321,0.6,3.3,995.6,62,81,3,30.9,16
322,0.5483,2.35,995.8,72,100,360,29.7,17
323,0.8583,1.55,996.4,74,100,2,29.5,18
324,0.86,2.4,999.1,80,85,287,27.5,7
325,0.75,2.66,999.5,74,87,290,28.9,8
326,0.4517,2.94,999.7,68,98,288,30.2,9
327,0.4033,3.58,999.9,63,91,290,31.6,10
328,0.1567,4.03,1000.4,64,99,284,31.4,11
329,0.05,4.18,1000.3,65,99,277,31.8,12
330,0.27,4.19,999.3,62,93,282,32.6,13
331,0.27,4.27,998.7,59,80,291,32.9,14
332,0.5832999999999999,4.27,998.3,57,70,280,33.2,15
333,0.5317000000000001,3.9,997.8,57,76,279,32.6,16
334,0.715,4.07,998.7,59,35,284,32.0,17
335,0.9067000000000001,1.7,999.3,75,37,273,29.1,18
336,0.9083,3.45,1001.8,73,56,268,28.8,7
337,0.7367,4.47,1002.0,70,73,264,29.8,8
338,0.5383,4.57,1002.1,67,48,265,31.0,9
339,0.38670000000000004,4.47,1002.0,63,13,265,32.1,10
340,0.255,4.29,1001.9,60,17,263,32.5,11
341,0.1917,3.98,1001.7,58,11,258,33.1,12
342,0.175,3.76,1001.0,55,70,260,33.8,13
343,0.1883,3.86,1000.3,54,47,251,33.9,14
344,0.35,4.05,999.7,52,11,241,33.9,15
345,0.4667,4.02,999.0,52,5,243,33.7,16
346,0.68,3.87,998.6,54,2,241,33.0,17
347,0.9017000000000001,3.25,999.1,58,19,233,31.8,18
348,0.9,4.53,1000.8,73,58,259,27.2,7
349,0.7333,5.16,1001.2,70,37,258,28.1,8
350,0.74,4.92,1001.2,65,60,255,29.2,9
351,0.475,3.88,1001.2,61,59,248,30.2,10
352,0.2783,3.94,1000.8,59,96,237,30.9,11
353,1.0,3.69,1000.5,58,98,234,31.6,12
354,0.5183,3.67,999.6,56,95,236,32.2,13
355,0.24170000000000003,3.88,998.6,55,44,235,32.6,14
356,0.3283,3.98,998.1,54,3,235,32.8,15
357,0.43329999999999996,3.79,997.6,54,3,234,32.7,16
358,0.655,3.76,997.3,55,24,234,32.6,17
359,0.8867,2.71,997.7,60,20,232,31.8,18
360,0.8967,4.41,998.7,76,48,245,27.2,7
361,0.7333,4.43,999.0,72,73,246,28.0,8
362,0.5433,4.05,999.4,68,85,246,29.1,9
363,0.3583,3.6,999.3,61,66,245,30.3,10
364,0.535,3.32,998.9,55,48,239,31.7,11
365,0.1283,3.24,998.8,51,75,236,32.7,12
366,0.075,3.51,998.0,50,39,234,33.2,13
367,0.1867,3.8,997.4,49,9,245,33.6,14
368,0.30329999999999996,3.78,997.2,49,8,252,33.7,15
369,0.4717,3.69,997.1,49,13,254,33.8,16
370,0.8417,3.02,996.9,51,10,258,33.6,17
371,0.8717,2.77,997.2,56,59,250,32.7,18
372,0.9267,3.61,1000.1,71,97,251,28.2,7
373,0.7967,3.63,1000.6,69,95,255,29.1,8
374,0.58,3.56,1000.7,63,91,259,30.5,9
375,0.4233,3.26,1000.8,60,98,259,31.4,10
376,0.7283,3.02,1000.9,60,80,258,31.7,11
377,0.43670000000000003,2.85,1000.7,57,29,248,32.4,12
378,0.19,2.77,999.9,53,31,236,33.4,13
379,0.2983,3.05,999.5,53,43,240,33.7,14
380,0.32170000000000004,3.2,998.9,52,80,243,33.7,15
381,0.625,3.09,998.4,51,68,241,33.8,16
382,0.875,2.28,998.1,48,77,247,34.1,17
383,0.9333,2.28,998.4,54,29,244,33.1,18
384,0.9133,4.21,1001.7,64,18,265,28.9,7
385,0.805,4.24,1002.1,64,16,263,29.5,8
386,0.74,4.63,1002.7,62,18,264,30.4,9
387,0.755,4.61,1002.8,56,41,274,32.0,10
388,0.275,3.88,1003.1,54,20,263,32.5,11
389,0.37329999999999997,3.51,1002.5,52,65,267,33.2,12
390,0.42829999999999996,3.34,1002.0,50,39,261,33.6,13
391,0.5183,3.39,1001.4,49,27,254,33.9,14
392,0.7117,3.5,1000.8,49,25,256,33.9,15
393,0.5,3.34,1000.6,50,25,253,33.8,16
394,0.695,2.93,1000.3,47,20,245,33.4,17
395,0.905,3.03,1000.4,49,18,248,32.7,18
396,0.8917,4.01,1003.4,63,47,274,29.1,7
397,0.8,4.28,1003.9,61,11,277,29.8,8
398,0.655,4.28,1004.5,57,100,281,30.9,9
399,0.3433,3.78,1004.7,55,100,281,31.5,10
400,0.3617,3.28,1004.8,51,59,278,32.7,11
401,0.565,2.72,1004.6,50,71,276,33.3,12
402,0.5167,2.46,1003.8,49,91,264,33.8,13
403,0.505,2.41,1003.1,47,69,257,34.1,14
404,0.5383,2.76,1002.6,48,73,248,33.8,15
405,0.475,2.53,1002.3,48,82,252,33.5,16
406,0.68,1.76,1001.4,47,19,265,33.1,17
407,0.905,1.55,1001.9,49,36,266,32.6,18
408,0.8767,4.04,1004.9,63,3,279,29.2,7
409,0.7433,4.48,1005.2,61,0,277,30.2,8
410,0.5417000000000001,4.49,1005.5,57,0,278,31.5,9
411,0.4133,4.09,1005.3,51,28,282,32.9,10
412,0.2633,3.6,1004.9,47,8,280,34.1,11
413,0.18,3.22,1004.5,45,13,276,34.7,12
414,0.5817,3.2,1003.8,44,29,272,35.2,13
415,0.69,3.2,1002.9,43,45,273,35.4,14
416,0.2733,3.25,1002.2,43,55,273,35.2,15
417,0.7683,3.46,1001.7,43,89,267,34.9,16
418,0.85,3.26,1001.1,39,19,274,35.0,17
419,0.9067000000000001,3.06,1001.4,40,26,281,34.3,18
420,0.9083,4.3,1004.1,58,95,282,29.7,7
421,0.7483,4.45,1004.3,56,80,285,30.6,8
422,0.5417000000000001,4.5,1004.5,53,45,282,31.7,9
423,0.4167,4.46,1004.6,49,72,279,33.0,10
424,0.245,3.9,1004.2,47,17,280,34.0,11
425,0.47,3.14,1003.8,44,70,279,35.0,12
426,0.3933,2.75,1003.0,42,69,273,35.8,13
427,0.43670000000000003,3.16,1001.9,41,69,266,35.9,14
428,0.2767,3.32,1001.2,42,95,258,35.8,15
429,0.495,3.28,1000.7,44,98,254,35.4,16
430,0.8083,2.91,1000.7,43,98,266,34.9,17
431,0.895,2.65,1000.8,45,53,271,34.2,18
432,0.85,3.81,1003.6,59,2,289,29.8,7
433,0.8567,4.2,1003.6,56,15,285,30.9,8
434,0.5167,4.17,1003.7,52,35,280,32.1,9
435,0.395,3.75,1003.7,48,84,279,33.4,10
436,0.2683,3.2,1003.0,45,42,267,34.7,11
437,0.2217,3.24,1002.5,43,56,257,35.3,12
438,0.25329999999999997,3.21,1001.6,42,48,259,35.6,13
439,0.36829999999999996,2.99,1001.1,43,79,252,35.7,14
440,0.33,2.86,1000.4,43,99,254,35.8,15
441,0.4583,2.97,999.8,43,100,250,35.5,16
442,0.82,2.56,999.8,40,97,258,35.5,17
443,0.895,2.42,1000.4,43,96,252,34.8,18
444,0.9067000000000001,2.97,1002.7,59,98,277,30.6,7
445,0.74,3.61,1003.1,57,98,274,31.1,8
446,0.5417000000000001,3.75,1003.5,53,91,272,32.4,9
447,0.44670000000000004,3.6,1003.5,50,92,271,33.3,10
448,0.43670000000000003,3.01,1003.2,49,99,266,34.1,11
449,0.17,2.45,1002.6,47,99,266,35.0,12
450,0.5533,2.25,1002.0,45,98,249,35.9,13
451,0.2483,1.98,1001.4,46,98,236,35.4,14
452,0.4217,1.54,1000.8,49,100,245,34.8,15
453,0.68,1.2,1000.7,52,100,182,33.4,16
454,0.8717,1.49,1000.5,47,100,200,34.4,17
455,0.9317,1.95,1000.5,49,99,222,33.8,18
456,0.9667,2.96,1002.6,62,100,254,30.3,7
457,0.8517,3.42,1002.9,59,99,264,30.9,8
458,0.7633,3.3,1003.2,57,100,267,31.8,9
459,0.63,2.91,1003.3,54,100,265,32.7,10
460,0.8133,2.04,1003.2,48,100,253,33.7,11
461,0.765,1.79,1003.0,50,100,240,32.9,12
462,0.535,1.37,1002.5,50,100,213,33.6,13
463,0.515,1.86,1001.8,53,100,175,32.8,14
464,0.5033,2.82,1001.4,58,100,157,31.8,15
465,0.7132999999999999,2.62,1001.2,65,100,140,30.7,16
466,0.8983,2.8,1002.0,78,100,91,28.9,17
467,0.9467,2.24,1002.1,77,100,114,28.6,18
468,0.8583,1.77,1002.7,94,99,262,26.2,7
469,0.845,1.95,1003.2,89,100,299,26.6,8
470,0.8417,1.84,1003.2,87,100,311,26.7,9
471,0.8067,1.98,1003.2,89,100,311,27.0,10
472,0.6133,2.78,1003.0,72,100,322,30.1,11
473,0.5383,3.62,1002.4,80,100,336,27.2,12
474,0.6583,1.65,1002.1,91,100,14,26.3,13
475,0.475,1.15,1001.5,90,100,5,26.5,14
476,0.9217,1.73,1001.0,82,100,316,27.8,15
477,0.935,1.31,1000.4,82,100,320,27.8,16
478,0.9483,0.49,999.6,70,100,315,29.7,17
479,1.0,0.82,1000.2,76,100,166,28.5,18
480,0.8833,2.55,1001.2,91,94,67,26.0,7
481,0.8367,2.55,1001.3,86,80,70,26.9,8
482,0.8033,1.93,1001.8,82,62,80,28.2,9
483,0.19829999999999998,2.51,1001.7,76,100,84,29.4,10
484,0.39,2.92,1001.3,70,100,103,29.2,11
485,0.605,2.86,1000.9,68,94,95,29.6,12
486,0.05,2.82,1000.1,68,70,110,29.9,13
487,0.1367,3.06,999.1,69,80,105,30.2,14
488,0.7683,2.76,998.4,65,64,102,30.8,15
489,0.735,2.56,997.5,66,86,96,30.7,16
490,0.695,1.49,998.2,86,91,48,28.0,17
491,0.9117000000000001,1.57,998.7,83,89,73,28.4,18
492,1.0,2.57,999.8,91,80,82,25.9,7
493,1.0,2.75,999.3,86,64,87,27.1,8
494,0.6733,2.8,999.5,75,70,90,28.8,9
495,0.7783,2.8,999.1,70,45,92,29.9,10
496,0.085,3.06,999.0,64,63,94,30.7,11
497,0.435,3.3,998.4,64,16,91,30.9,12
498,0.5583,3.1,997.7,61,24,92,31.6,13
499,0.5583,2.87,997.1,61,12,97,31.7,14
500,0.6517000000000001,2.7,996.5,60,19,87,31.9,15
501,0.7383,2.43,996.0,61,15,76,32.0,16
502,0.88,2.92,997.2,82,66,96,28.6,17
503,0.9667,1.81,997.4,80,77,85,28.6,18
504,0.9283,2.16,999.2,94,74,132,25.7,7
505,0.7333,1.42,999.5,89,74,138,26.8,8
506,0.7433,1.27,1000.0,80,76,138,28.4,9
507,0.6333,1.91,1000.1,74,100,133,29.4,10
508,0.0783,2.98,999.6,70,100,125,29.6,11
509,1.0,2.6,998.9,68,49,120,30.1,12
510,1.0,3.04,997.9,65,47,123,31.3,13
511,0.7733,3.71,997.6,70,68,134,29.8,14
512,0.7182999999999999,3.04,997.0,66,36,132,30.9,15
513,0.33,3.21,996.7,65,51,143,30.8,16
514,0.6633,3.37,996.2,63,36,140,30.6,17
515,0.965,2.56,996.7,70,18,149,29.7,18
516,0.9183,3.3,1001.6,86,29,141,25.8,7
517,0.6433,3.82,1001.6,79,18,148,26.9,8
518,0.4,3.69,1001.8,72,59,147,28.1,9
519,0.72,3.48,1002.0,69,68,140,28.9,10
520,0.7783,3.96,1001.6,68,50,134,29.3,11
521,0.8533,3.79,1001.4,66,56,131,29.6,12
522,0.0333,3.71,1000.5,61,70,137,30.8,13
523,0.9033,3.8,999.5,58,48,140,31.5,14
524,0.1,3.79,999.1,58,44,139,31.6,15
525,0.6833,3.52,998.6,58,33,141,31.6,16
526,0.7082999999999999,3.22,999.0,61,24,138,30.9,17
527,0.9083,2.01,999.6,67,58,125,29.9,18
