date,hour,power_kw,plant_capacity_kw,error_pct
2026-06-12,07:00,0.7,6.0,88.33
2026-06-12,08:00,1.75,6.0,70.83
2026-06-12,09:00,2.88,6.0,52.0
2026-06-12,10:00,3.86,6.0,35.67
2026-06-12,11:00,4.5,6.0,25.0
2026-06-12,12:00,4.89,6.0,18.5
2026-06-12,13:00,4.78,6.0,20.33
2026-06-12,14:00,4.55,6.0,24.17
2026-06-12,15:00,1.82,6.0,69.67
2026-06-12,16:00,0.95,6.0,84.17
2026-06-12,17:00,1.71,6.0,71.5
2026-06-12,18:00,0.61,6.0,89.83
2026-06-13,07:00,0.3,6.0,95.0
2026-06-13,08:00,0.4,6.0,93.33
2026-06-13,09:00,0.51,6.0,91.5
2026-06-13,10:00,0.9,6.0,85.0
2026-06-13,11:00,2.17,6.0,63.83
2026-06-13,12:00,3.05,6.0,49.17
2026-06-13,13:00,3.77,6.0,37.17
2026-06-13,14:00,4.71,6.0,21.5
2026-06-13,15:00,3.9,6.0,35.0
2026-06-13,16:00,3.03,6.0,49.5
2026-06-13,17:00,1.75,6.0,70.83
2026-06-13,18:00,0.59,6.0,90.17
2026-06-14,07:00,0.65,6.0,89.17
2026-06-14,08:00,1.74,6.0,71.0
2026-06-14,09:00,2.64,6.0,56.0
2026-06-14,10:00,3.76,6.0,37.33
2026-06-14,11:00,4.49,6.0,25.17
2026-06-14,12:00,4.77,6.0,20.5
2026-06-14,13:00,4.69,6.0,21.83
2026-06-14,14:00,1.91,6.0,68.17
2026-06-14,15:00,4.51,6.0,24.83
2026-06-14,16:00,0.56,6.0,90.67
2026-06-14,17:00,0.05,6.0,99.17
2026-06-14,18:00,0.02,6.0,99.67
2026-06-15,07:00,0.72,6.0,88.0
2026-06-15,08:00,2.19,6.0,63.5
2026-06-15,09:00,3.26,6.0,45.67
2026-06-15,10:00,4.14,6.0,31.0
2026-06-15,11:00,4.79,6.0,20.17
2026-06-15,12:00,5.11,6.0,14.83
2026-06-15,13:00,5.1,6.0,15.0
2026-06-15,14:00,4.77,6.0,20.5
2026-06-15,15:00,4.39,6.0,26.83
2026-06-15,16:00,2.8,6.0,53.33
2026-06-15,17:00,1.98,6.0,67.0
2026-06-15,18:00,0.55,6.0,90.83
2026-06-16,07:00,0.75,6.0,87.5
2026-06-16,08:00,1.82,6.0,69.67
2026-06-16,09:00,2.96,6.0,50.67
2026-06-16,10:00,4.11,6.0,31.5
2026-06-16,11:00,0.61,6.0,89.83
2026-06-16,12:00,5.05,6.0,15.83
2026-06-16,13:00,5.1,6.0,15.0
2026-06-16,14:00,4.7,6.0,21.67
2026-06-16,15:00,4.1,6.0,31.67
2026-06-16,16:00,3.26,6.0,45.67
2026-06-16,17:00,0.99,6.0,83.5
2026-06-16,18:00,0.29,6.0,95.17
2026-06-17,07:00,0.36,6.0,94.0
2026-06-17,08:00,1.19,6.0,80.17
2026-06-17,09:00,2.35,6.0,60.83
2026-06-17,10:00,4.05,6.0,32.5
2026-06-17,11:00,4.62,6.0,23.0
2026-06-17,12:00,4.8,6.0,20.0
2026-06-17,13:00,5.05,6.0,15.83
2026-06-17,14:00,4.74,6.0,21.0
2026-06-17,15:00,4.18,6.0,30.33
2026-06-17,16:00,3.22,6.0,46.33
2026-06-17,17:00,1.96,6.0,67.33
2026-06-17,18:00,0.49,6.0,91.83
2026-06-18,07:00,0.75,6.0,87.5
2026-06-18,08:00,1.83,6.0,69.5
2026-06-18,09:00,2.95,6.0,50.83
2026-06-18,10:00,3.99,6.0,33.5
2026-06-18,11:00,5.14,6.0,14.33
2026-06-18,12:00,2.37,6.0,60.5
2026-06-18,13:00,5.22,6.0,13.0
2026-06-18,14:00,4.67,6.0,22.17
2026-06-18,15:00,4.04,6.0,32.67
2026-06-18,16:00,3.32,6.0,44.67
2026-06-18,17:00,2.2,6.0,63.33
2026-06-18,18:00,0.53,6.0,91.17
2026-06-19,07:00,0.85,6.0,85.83
2026-06-19,08:00,0.52,6.0,91.33
2026-06-19,09:00,2.97,6.0,50.5
2026-06-19,10:00,3.89,6.0,35.17
2026-06-19,11:00,4.66,6.0,22.33
2026-06-19,12:00,5.1,6.0,15.0
2026-06-19,13:00,4.89,6.0,18.5
2026-06-19,14:00,0.0,6.0,100.0
2026-06-19,15:00,1.74,6.0,71.0
2026-06-19,16:00,2.8,6.0,53.33
2026-06-19,17:00,0.83,6.0,86.17
2026-06-19,18:00,0.73,6.0,87.83
2026-06-20,07:00,0.75,6.0,87.5
2026-06-20,08:00,1.13,6.0,81.17
2026-06-20,09:00,2.79,6.0,53.5
2026-06-20,10:00,3.72,6.0,38.0
2026-06-20,11:00,3.79,6.0,36.83
2026-06-20,12:00,4.96,6.0,17.33
2026-06-20,13:00,5.1,6.0,15.0
2026-06-20,14:00,2.39,6.0,60.17
2026-06-20,15:00,4.69,6.0,21.83
2026-06-20,16:00,0.96,6.0,84.0
2026-06-20,17:00,0.9,6.0,85.0
2026-06-20,18:00,0.52,6.0,91.33
2026-06-21,07:00,0.11,6.0,98.17
2026-06-21,08:00,0.59,6.0,90.17
2026-06-21,09:00,0.64,6.0,89.33
2026-06-21,10:00,1.44,6.0,76.0
2026-06-21,11:00,1.86,6.0,69.0
2026-06-21,12:00,2.86,6.0,52.33
2026-06-21,13:00,3.44,6.0,42.67
2026-06-21,14:00,4.91,6.0,18.17
2026-06-21,15:00,4.29,6.0,28.5
2026-06-21,16:00,3.32,6.0,44.67
2026-06-21,17:00,2.11,6.0,64.83
2026-06-21,18:00,0.57,6.0,90.5
2026-06-22,07:00,0.41,6.0,93.17
2026-06-22,08:00,1.91,6.0,68.17
2026-06-22,09:00,3.03,6.0,49.5
2026-06-22,10:00,3.89,6.0,35.17
2026-06-22,11:00,4.63,6.0,22.83
2026-06-22,12:00,5.07,6.0,15.5
2026-06-22,13:00,5.07,6.0,15.5
2026-06-22,14:00,4.23,6.0,29.5
2026-06-22,15:00,4.14,6.0,31.0
2026-06-22,16:00,3.37,6.0,43.83
2026-06-22,17:00,1.27,6.0,78.83
2026-06-22,18:00,0.6,6.0,90.0
2026-06-23,07:00,0.74,6.0,87.67
2026-06-23,08:00,1.88,6.0,68.67
2026-06-23,09:00,3.03,6.0,49.5
2026-06-23,10:00,4.06,6.0,32.33
2026-06-23,11:00,4.71,6.0,21.5
2026-06-23,12:00,5.08,6.0,15.33
2026-06-23,13:00,5.25,6.0,12.5
2026-06-23,14:00,4.96,6.0,17.33
2026-06-23,15:00,4.33,6.0,27.83
2026-06-23,16:00,3.58,6.0,40.33
2026-06-23,17:00,1.14,6.0,81.0
2026-06-23,18:00,0.82,6.0,86.33
2026-06-24,07:00,0.25,6.0,95.83
2026-06-24,08:00,0.23,6.0,96.17
2026-06-24,09:00,1.17,6.0,80.5
2026-06-24,10:00,4.23,6.0,29.5
2026-06-24,11:00,4.02,6.0,33.0
2026-06-24,12:00,5.32,6.0,11.33
2026-06-24,13:00,5.03,6.0,16.17
2026-06-24,14:00,4.68,6.0,22.0
2026-06-24,15:00,4.22,6.0,29.67
2026-06-24,16:00,1.97,6.0,67.17
2026-06-24,17:00,2.75,6.0,54.17
2026-06-24,18:00,0.7,6.0,88.33
2026-06-25,07:00,0.58,6.0,90.33
2026-06-25,08:00,2.12,6.0,64.67
2026-06-25,09:00,3.0,6.0,50.0
2026-06-25,10:00,4.09,6.0,31.83
2026-06-25,11:00,3.61,6.0,39.83
2026-06-25,12:00,5.06,6.0,15.67
2026-06-25,13:00,4.51,6.0,24.83
2026-06-25,14:00,1.71,6.0,71.5
2026-06-25,15:00,0.81,6.0,86.5
2026-06-25,16:00,0.09,6.0,98.5
2026-06-25,17:00,0.78,6.0,87.0
2026-06-25,18:00,0.76,6.0,87.33
2026-06-26,07:00,0.75,6.0,87.5
2026-06-26,08:00,1.89,6.0,68.5
2026-06-26,09:00,3.08,6.0,48.67
2026-06-26,10:00,4.05,6.0,32.5
2026-06-26,11:00,4.71,6.0,21.5
2026-06-26,12:00,5.05,6.0,15.83
2026-06-26,13:00,5.18,6.0,13.67
2026-06-26,14:00,4.83,6.0,19.5
2026-06-26,15:00,4.08,6.0,32.0
2026-06-26,16:00,3.4,6.0,43.33
2026-06-26,17:00,2.93,6.0,51.17
2026-06-26,18:00,0.32,6.0,94.67
2026-06-27,07:00,0.74,6.0,87.67
2026-06-27,08:00,1.89,6.0,68.5
2026-06-27,09:00,3.01,6.0,49.83
2026-06-27,10:00,3.97,6.0,33.83
2026-06-27,11:00,4.68,6.0,22.0
2026-06-27,12:00,4.99,6.0,16.83
2026-06-27,13:00,5.0,6.0,16.67
2026-06-27,14:00,2.43,6.0,59.5
2026-06-27,15:00,1.64,6.0,72.67
2026-06-27,16:00,3.33,6.0,44.5
2026-06-27,17:00,2.12,6.0,64.67
2026-06-27,18:00,0.49,6.0,91.83
2026-06-28,07:00,0.8,6.0,86.67
2026-06-28,08:00,1.97,6.0,67.17
2026-06-28,09:00,2.43,6.0,59.5
2026-06-28,10:00,4.0,6.0,33.33
2026-06-28,11:00,4.76,6.0,20.67
2026-06-28,12:00,5.03,6.0,16.17
2026-06-28,13:00,4.95,6.0,17.5
2026-06-28,14:00,4.68,6.0,22.0
2026-06-28,15:00,1.68,6.0,72.0
2026-06-28,16:00,3.28,6.0,45.33
2026-06-28,17:00,2.04,6.0,66.0
2026-06-28,18:00,0.52,6.0,91.33
2026-06-29,07:00,0.32,6.0,94.67
2026-06-29,08:00,0.75,6.0,87.5
2026-06-29,09:00,2.91,6.0,51.5
2026-06-29,10:00,3.77,6.0,37.17
2026-06-29,11:00,2.84,6.0,52.67
2026-06-29,12:00,4.9,6.0,18.33
2026-06-29,13:00,4.9,6.0,18.33
2026-06-29,14:00,4.63,6.0,22.83
2026-06-29,15:00,4.13,6.0,31.17
2026-06-29,16:00,3.2,6.0,46.67
2026-06-29,17:00,2.01,6.0,66.5
2026-06-29,18:00,0.54,6.0,91.0
2026-06-30,07:00,0.73,6.0,87.83
2026-06-30,08:00,1.86,6.0,69.0
2026-06-30,09:00,3.0,6.0,50.0
2026-06-30,10:00,3.97,6.0,33.83
2026-06-30,11:00,4.65,6.0,22.5
2026-06-30,12:00,4.95,6.0,17.5
2026-06-30,13:00,4.88,6.0,18.67
2026-06-30,14:00,4.61,6.0,23.17
2026-06-30,15:00,4.04,6.0,32.67
2026-06-30,16:00,3.13,6.0,47.83
2026-06-30,17:00,1.84,6.0,69.33
2026-06-30,18:00,0.63,6.0,89.5
2026-07-01,07:00,0.71,6.0,88.17
2026-07-01,08:00,1.73,6.0,71.17
2026-07-01,09:00,3.29,6.0,45.17
2026-07-01,10:00,3.9,6.0,35.0
2026-07-01,11:00,4.15,6.0,30.83
2026-07-01,12:00,3.65,6.0,39.17
2026-07-01,13:00,3.99,6.0,33.5
2026-07-01,14:00,4.69,6.0,21.83
2026-07-01,15:00,2.79,6.0,53.5
2026-07-01,16:00,1.12,6.0,81.33
2026-07-01,17:00,1.62,6.0,73.0
2026-07-01,18:00,0.77,6.0,87.17
2026-07-02,07:00,0.0,6.0,100.0
2026-07-02,08:00,0.35,6.0,94.17
2026-07-02,09:00,0.43,6.0,92.83
2026-07-02,10:00,2.1,6.0,65.0
2026-07-02,11:00,2.57,6.0,57.17
2026-07-02,12:00,3.9,6.0,35.0
2026-07-02,13:00,2.34,6.0,61.0
2026-07-02,14:00,4.88,6.0,18.67
2026-07-02,15:00,3.79,6.0,36.83
2026-07-02,16:00,3.29,6.0,45.17
2026-07-02,17:00,1.88,6.0,68.67
2026-07-02,18:00,0.66,6.0,89.0
2026-07-03,07:00,0.67,6.0,88.83
2026-07-03,08:00,0.68,6.0,88.67
2026-07-03,09:00,1.08,6.0,82.0
2026-07-03,10:00,2.54,6.0,57.67
2026-07-03,11:00,3.03,6.0,49.5
2026-07-03,12:00,3.19,6.0,46.83
2026-07-03,13:00,5.21,6.0,13.17
2026-07-03,14:00,2.76,6.0,54.0
2026-07-03,15:00,3.99,6.0,33.5
2026-07-03,16:00,3.58,6.0,40.33
2026-07-03,17:00,2.34,6.0,61.0
2026-07-03,18:00,1.63,6.0,72.83
2026-07-04,07:00,0.37,6.0,93.83
2026-07-04,08:00,0.55,6.0,90.83
2026-07-04,09:00,2.05,6.0,65.83
2026-07-04,10:00,3.24,6.0,46.0
2026-07-04,11:00,2.59,6.0,56.83
2026-07-04,12:00,3.03,6.0,49.5
2026-07-04,13:00,2.22,6.0,63.0
2026-07-04,14:00,3.8,6.0,36.67
2026-07-04,15:00,3.3,6.0,45.0
2026-07-04,16:00,1.55,6.0,74.17
2026-07-04,17:00,1.21,6.0,79.83
2026-07-04,18:00,0.75,6.0,87.5
2026-07-05,07:00,0.67,6.0,88.83
2026-07-05,08:00,1.79,6.0,70.17
2026-07-05,09:00,2.86,6.0,52.33
2026-07-05,10:00,3.83,6.0,36.17
2026-07-05,11:00,1.56,6.0,74.0
2026-07-05,12:00,4.8,6.0,20.0
2026-07-05,13:00,5.52,6.0,8.0
2026-07-05,14:00,2.54,6.0,57.67
2026-07-05,15:00,2.62,6.0,56.33
2026-07-05,16:00,0.56,6.0,90.67
2026-07-05,17:00,0.51,6.0,91.5
2026-07-05,18:00,0.26,6.0,95.67
2026-07-06,07:00,0.73,6.0,87.83
2026-07-06,08:00,1.26,6.0,79.0
2026-07-06,09:00,1.73,6.0,71.17
2026-07-06,10:00,3.09,6.0,48.5
2026-07-06,11:00,2.38,6.0,60.33
2026-07-06,12:00,5.49,6.0,8.5
2026-07-06,13:00,4.97,6.0,17.17
2026-07-06,14:00,2.57,6.0,57.17
2026-07-06,15:00,4.41,6.0,26.5
2026-07-06,16:00,3.45,6.0,42.5
2026-07-06,17:00,0.97,6.0,83.83
2026-07-06,18:00,0.13,6.0,97.83
2026-07-07,07:00,0.19,6.0,96.83
2026-07-07,08:00,0.58,6.0,90.33
2026-07-07,09:00,1.21,6.0,79.83
2026-07-07,10:00,2.18,6.0,63.67
2026-07-07,11:00,1.91,6.0,68.17
2026-07-07,12:00,5.93,6.0,1.17
2026-07-07,13:00,2.37,6.0,60.5
2026-07-07,14:00,2.59,6.0,56.83
2026-07-07,15:00,2.06,6.0,65.67
2026-07-07,16:00,1.28,6.0,78.67
2026-07-07,17:00,1.16,6.0,80.67
2026-07-07,18:00,1.21,6.0,79.83
2026-07-08,07:00,0.15,6.0,97.5
2026-07-08,08:00,0.12,6.0,98.0
2026-07-08,09:00,2.43,6.0,59.5
2026-07-08,10:00,4.27,6.0,28.83
2026-07-08,11:00,4.72,6.0,21.33
2026-07-08,12:00,3.0,6.0,50.0
2026-07-08,13:00,3.86,6.0,35.67
2026-07-08,14:00,2.54,6.0,57.67
2026-07-08,15:00,2.03,6.0,66.17
2026-07-08,16:00,2.4,6.0,60.0
2026-07-08,17:00,2.71,6.0,54.83
2026-07-08,18:00,0.85,6.0,85.83
2026-07-09,07:00,0.84,6.0,86.0
2026-07-09,08:00,1.5,6.0,75.0
2026-07-09,09:00,3.29,6.0,45.17
2026-07-09,10:00,3.58,6.0,40.33
2026-07-09,11:00,5.06,6.0,15.67
2026-07-09,12:00,5.7,6.0,5.0
2026-07-09,13:00,4.38,6.0,27.0
2026-07-09,14:00,4.38,6.0,27.0
2026-07-09,15:00,2.5,6.0,58.33
2026-07-09,16:00,2.81,6.0,53.17
2026-07-09,17:00,1.71,6.0,71.5
2026-07-09,18:00,0.56,6.0,90.67
2026-07-10,07:00,0.55,6.0,90.83
2026-07-10,08:00,1.58,6.0,73.67
2026-07-10,09:00,2.77,6.0,53.83
2026-07-10,10:00,3.68,6.0,38.67
2026-07-10,11:00,4.47,6.0,25.5
2026-07-10,12:00,4.85,6.0,19.17
2026-07-10,13:00,4.95,6.0,17.5
2026-07-10,14:00,4.87,6.0,18.83
2026-07-10,15:00,3.9,6.0,35.0
2026-07-10,16:00,3.2,6.0,46.67
2026-07-10,17:00,1.92,6.0,68.0
2026-07-10,18:00,0.59,6.0,90.17
2026-07-11,07:00,0.6,6.0,90.0
2026-07-11,08:00,1.6,6.0,73.33
2026-07-11,09:00,1.56,6.0,74.0
2026-07-11,10:00,3.15,6.0,47.5
2026-07-11,11:00,4.33,6.0,27.83
2026-07-11,12:00,0.0,6.0,100.0
2026-07-11,13:00,2.89,6.0,51.83
2026-07-11,14:00,4.55,6.0,24.17
2026-07-11,15:00,4.03,6.0,32.83
2026-07-11,16:00,3.4,6.0,43.33
2026-07-11,17:00,2.07,6.0,65.5
2026-07-11,18:00,0.68,6.0,88.67
2026-07-12,07:00,0.62,6.0,89.67
2026-07-12,08:00,1.6,6.0,73.33
2026-07-12,09:00,2.74,6.0,54.33
2026-07-12,10:00,3.85,6.0,35.83
2026-07-12,11:00,2.79,6.0,53.5
2026-07-12,12:00,5.23,6.0,12.83
2026-07-12,13:00,5.55,6.0,7.5
2026-07-12,14:00,4.88,6.0,18.67
2026-07-12,15:00,4.18,6.0,30.33
2026-07-12,16:00,3.17,6.0,47.17
2026-07-12,17:00,0.95,6.0,84.17
2026-07-12,18:00,0.77,6.0,87.17
2026-07-13,07:00,0.44,6.0,92.67
2026-07-13,08:00,1.22,6.0,79.67
2026-07-13,09:00,2.52,6.0,58.0
2026-07-13,10:00,3.46,6.0,42.33
2026-07-13,11:00,1.63,6.0,72.83
2026-07-13,12:00,3.38,6.0,43.67
2026-07-13,13:00,4.86,6.0,19.0
2026-07-13,14:00,4.21,6.0,29.83
2026-07-13,15:00,4.07,6.0,32.17
2026-07-13,16:00,2.25,6.0,62.5
2026-07-13,17:00,0.75,6.0,87.5
2026-07-13,18:00,0.4,6.0,93.33
2026-07-14,07:00,0.52,6.0,91.33
2026-07-14,08:00,1.17,6.0,80.5
2026-07-14,09:00,1.56,6.0,74.0
2026-07-14,10:00,1.47,6.0,75.5
2026-07-14,11:00,4.35,6.0,27.5
2026-07-14,12:00,3.76,6.0,37.33
2026-07-14,13:00,3.43,6.0,42.83
2026-07-14,14:00,2.89,6.0,51.83
2026-07-14,15:00,1.73,6.0,71.17
2026-07-14,16:00,3.0,6.0,50.0
2026-07-14,17:00,1.83,6.0,69.5
2026-07-14,18:00,0.57,6.0,90.5
2026-07-15,07:00,0.65,6.0,89.17
2026-07-15,08:00,1.2,6.0,80.0
2026-07-15,09:00,2.07,6.0,65.5
2026-07-15,10:00,3.94,6.0,34.33
2026-07-15,11:00,3.83,6.0,36.17
2026-07-15,12:00,2.61,6.0,56.5
2026-07-15,13:00,2.9,6.0,51.67
2026-07-15,14:00,2.97,6.0,50.5
2026-07-15,15:00,2.77,6.0,53.83
2026-07-15,16:00,3.15,6.0,47.5
2026-07-15,17:00,1.92,6.0,68.0
2026-07-15,18:00,0.57,6.0,90.5
2026-07-16,07:00,0.74,6.0,87.67
2026-07-16,08:00,1.54,6.0,74.33
2026-07-16,09:00,2.75,6.0,54.17
2026-07-16,10:00,3.52,6.0,41.33
2026-07-16,11:00,4.42,6.0,26.33
2026-07-16,12:00,4.92,6.0,18.0
2026-07-16,13:00,2.51,6.0,58.17
2026-07-16,14:00,1.86,6.0,69.0
2026-07-16,15:00,4.36,6.0,27.33
2026-07-16,16:00,1.39,6.0,76.83
2026-07-16,17:00,0.9,6.0,85.0
2026-07-16,18:00,0.56,6.0,90.67
2026-07-17,07:00,0.55,6.0,90.83
2026-07-17,08:00,1.51,6.0,74.83
2026-07-17,09:00,2.75,6.0,54.17
2026-07-17,10:00,3.5,6.0,41.67
2026-07-17,11:00,4.53,6.0,24.5
2026-07-17,12:00,3.18,6.0,47.0
2026-07-17,13:00,3.64,6.0,39.33
2026-07-17,14:00,3.38,6.0,43.67
2026-07-17,15:00,4.34,6.0,27.67
2026-07-17,16:00,3.03,6.0,49.5
2026-07-17,17:00,1.15,6.0,80.83
2026-07-17,18:00,0.63,6.0,89.5
2026-07-18,07:00,0.9,6.0,85.0
2026-07-18,08:00,0.86,6.0,85.67
2026-07-18,09:00,2.9,6.0,51.67
2026-07-18,10:00,3.63,6.0,39.5
2026-07-18,11:00,4.39,6.0,26.83
2026-07-18,12:00,4.67,6.0,22.17
2026-07-18,13:00,4.48,6.0,25.33
2026-07-18,14:00,3.79,6.0,36.83
2026-07-18,15:00,4.02,6.0,33.0
2026-07-18,16:00,3.25,6.0,45.83
2026-07-18,17:00,1.08,6.0,82.0
2026-07-18,18:00,0.63,6.0,89.5
2026-07-19,07:00,0.56,6.0,90.67
2026-07-19,08:00,1.56,6.0,74.0
2026-07-19,09:00,2.75,6.0,54.17
2026-07-19,10:00,3.32,6.0,44.67
2026-07-19,11:00,3.38,6.0,43.67
2026-07-19,12:00,4.98,6.0,17.0
2026-07-19,13:00,2.68,6.0,55.33
2026-07-19,14:00,4.51,6.0,24.83
2026-07-19,15:00,3.47,6.0,42.17
2026-07-19,16:00,1.92,6.0,68.0
2026-07-19,17:00,0.77,6.0,87.17
2026-07-19,18:00,0.41,6.0,93.17
2026-07-20,07:00,0.2,6.0,96.67
2026-07-20,08:00,0.89,6.0,85.17
2026-07-20,09:00,1.42,6.0,76.33
2026-07-20,10:00,2.22,6.0,63.0
2026-07-20,11:00,1.12,6.0,81.33
2026-07-20,12:00,1.41,6.0,76.5
2026-07-20,13:00,2.79,6.0,53.5
2026-07-20,14:00,2.91,6.0,51.5
2026-07-20,15:00,2.98,6.0,50.33
2026-07-20,16:00,1.72,6.0,71.33
2026-07-20,17:00,0.61,6.0,89.83
2026-07-20,18:00,0.32,6.0,94.67
2026-07-21,07:00,0.85,6.0,85.83
2026-07-21,08:00,0.93,6.0,84.5
2026-07-21,09:00,0.95,6.0,84.17
2026-07-21,10:00,1.16,6.0,80.67
2026-07-21,11:00,2.32,6.0,61.33
2026-07-21,12:00,2.77,6.0,53.83
2026-07-21,13:00,2.05,6.0,65.83
2026-07-21,14:00,3.15,6.0,47.5
2026-07-21,15:00,0.47,6.0,92.17
2026-07-21,16:00,0.39,6.0,93.5
2026-07-21,17:00,0.31,6.0,94.83
2026-07-21,18:00,0.0,6.0,100.0
2026-07-22,07:00,0.7,6.0,88.33
2026-07-22,08:00,0.98,6.0,83.67
2026-07-22,09:00,1.18,6.0,80.33
2026-07-22,10:00,4.81,6.0,19.83
2026-07-22,11:00,3.66,6.0,39.0
2026-07-22,12:00,2.37,6.0,60.5
2026-07-22,13:00,5.7,6.0,5.0
2026-07-22,14:00,5.18,6.0,13.67
2026-07-22,15:00,1.39,6.0,76.83
2026-07-22,16:00,1.59,6.0,73.5
2026-07-22,17:00,1.83,6.0,69.5
2026-07-22,18:00,0.53,6.0,91.17
2026-07-23,07:00,0.0,6.0,100.0
2026-07-23,08:00,0.0,6.0,100.0
2026-07-23,09:00,1.96,6.0,67.33
2026-07-23,10:00,1.33,6.0,77.83
2026-07-23,11:00,5.49,6.0,8.5
2026-07-23,12:00,3.39,6.0,43.5
2026-07-23,13:00,2.65,6.0,55.83
2026-07-23,14:00,2.65,6.0,55.83
2026-07-23,15:00,2.09,6.0,65.17
2026-07-23,16:00,1.57,6.0,73.83
2026-07-23,17:00,0.72,6.0,88.0
2026-07-23,18:00,0.2,6.0,96.67
2026-07-24,07:00,0.43,6.0,92.83
2026-07-24,08:00,1.6,6.0,73.33
2026-07-24,09:00,1.54,6.0,74.33
2026-07-24,10:00,2.2,6.0,63.33
2026-07-24,11:00,5.53,6.0,7.83
2026-07-24,12:00,0.0,6.0,100.0
2026-07-24,13:00,0.0,6.0,100.0
2026-07-24,14:00,1.36,6.0,77.33
2026-07-24,15:00,1.69,6.0,71.83
2026-07-24,16:00,4.02,6.0,33.0
2026-07-24,17:00,2.02,6.0,66.33
2026-07-24,18:00,0.21,6.0,96.5
2026-07-25,07:00,0.49,6.0,91.83
2026-07-25,08:00,2.14,6.0,64.33
2026-07-25,09:00,3.6,6.0,40.0
2026-07-25,10:00,1.68,6.0,72.0
2026-07-25,11:00,1.33,6.0,77.83
2026-07-25,12:00,0.88,6.0,85.33
2026-07-25,13:00,5.8,6.0,3.33
2026-07-25,14:00,0.58,6.0,90.33
2026-07-25,15:00,5.4,6.0,10.0
2026-07-25,16:00,1.9,6.0,68.33
2026-07-25,17:00,1.75,6.0,70.83
2026-07-25,18:00,0.55,6.0,90.83
